Age,Women,Men,LTC,EU27
0 to 4,0.9125,1.1675,0.609719148,0.913954931
5 to 14,0.39,0.42,0.212888076,0.449640225
15 to 24,0.44,0.37,0.36533488,0.485193034
25 to 34,0.74,0.43,0.463365399,0.59572045
35 to 44,0.79,0.58,0.564671038,0.655465379
45 to 54,1.14,0.99,0.921517291,0.897810885
55 to 64,1.69,1.78,1.829100325,1.316859828
65 to 74,2.6,3.1,2.736891326,1.898520865
75 to 84,3.35,4.07,4.920875693,2.48693204
85 and over,3.47,4.17,6.741104827,2.76390142
